cell,variant,mix,load,seed,num_devices,slots,gap_median_s,goodput_per_gpu_hour,served_value_fraction,reserved_idle_fraction,abandonments
A_original,A1_no_budget,0.1,1.0,1,4,16,,28415.5,0.65249,0.933015,0
A_original,A1_no_budget,0.1,1.0,2,4,16,,22934.83,0.772911,0.920509,0
A_original,A1_no_budget,0.1,1.0,3,4,16,,22946.5,0.775185,0.972805,0
A_original,A1_no_budget,0.3,1.0,1,4,16,,27037.33,0.615417,0.918373,0
A_original,A1_no_budget,0.3,1.0,2,4,16,,22845.67,0.763354,0.946061,0
A_original,A1_no_budget,0.3,1.0,3,4,16,,22733.83,0.761279,0.967517,0
A_original,A1_no_budget,0.5,1.0,1,4,16,,25541.33,0.573258,0.977549,0
A_original,A1_no_budget,0.5,1.0,2,4,16,,22640.0,0.744704,0.951354,0
A_original,A1_no_budget,0.5,1.0,3,4,16,,22663.5,0.74682,0.945287,0
A_original,A2_preemptible,0.1,1.0,1,4,16,,28433.67,0.652907,0.933015,64
A_original,A2_preemptible,0.1,1.0,2,4,16,,22945.17,0.773259,0.920509,81
A_original,A2_preemptible,0.1,1.0,3,4,16,,22941.5,0.775016,0.972805,66
A_original,A2_preemptible,0.3,1.0,1,4,16,,27051.33,0.615736,0.918373,59
A_original,A2_preemptible,0.3,1.0,2,4,16,,22834.83,0.762992,0.945214,74
A_original,A2_preemptible,0.3,1.0,3,4,16,,22722.83,0.760911,0.958737,69
A_original,A2_preemptible,0.5,1.0,1,4,16,,25561.83,0.573718,0.977549,52
A_original,A2_preemptible,0.5,1.0,2,4,16,,22622.17,0.744118,0.955957,63
A_original,A2_preemptible,0.5,1.0,3,4,16,,22653.17,0.74648,0.944989,59
A_original,A3_queue_depth,0.1,1.0,1,4,16,,32227.0,0.740011,0.926322,75
A_original,A3_queue_depth,0.1,1.0,2,4,16,,28330.83,0.954757,0.904694,91
A_original,A3_queue_depth,0.1,1.0,3,4,16,,28096.0,0.949146,0.946708,75
A_original,A3_queue_depth,0.3,1.0,1,4,16,,30269.0,0.688976,0.929254,68
A_original,A3_queue_depth,0.3,1.0,2,4,16,,27336.33,0.913403,0.948541,82
A_original,A3_queue_depth,0.3,1.0,3,4,16,,26967.5,0.903051,0.956221,75
A_original,A3_queue_depth,0.5,1.0,1,4,16,,27738.83,0.62258,0.977549,54
A_original,A3_queue_depth,0.5,1.0,2,4,16,,25974.67,0.854392,0.938772,69
A_original,A3_queue_depth,0.5,1.0,3,4,16,,25676.0,0.84609,0.945766,60
A_original,A4_strict,0.1,1.0,1,4,16,,28439.83,0.653049,0.944997,64
A_original,A4_strict,0.1,1.0,2,4,16,,22945.17,0.773259,0.925662,81
A_original,A4_strict,0.1,1.0,3,4,16,,22941.17,0.775005,0.976062,67
A_original,A4_strict,0.3,1.0,1,4,16,,27049.0,0.615683,0.931087,59
A_original,A4_strict,0.3,1.0,2,4,16,,22837.5,0.763081,0.949166,74
A_original,A4_strict,0.3,1.0,3,4,16,,22725.67,0.761006,0.972076,70
A_original,A4_strict,0.5,1.0,1,4,16,,25561.83,0.573718,0.977549,52
A_original,A4_strict,0.5,1.0,2,4,16,,22622.17,0.744118,0.955957,63
A_original,A4_strict,0.5,1.0,3,4,16,,22653.17,0.74648,0.944989,59
A_original,A4_tiered,0.1,1.0,1,4,16,,28433.67,0.652907,0.933015,64
A_original,A4_tiered,0.1,1.0,2,4,16,,22945.17,0.773259,0.920509,81
A_original,A4_tiered,0.1,1.0,3,4,16,,22941.5,0.775016,0.972805,66
A_original,A4_tiered,0.3,1.0,1,4,16,,27051.33,0.615736,0.918373,59
A_original,A4_tiered,0.3,1.0,2,4,16,,22834.83,0.762992,0.945214,74
A_original,A4_tiered,0.3,1.0,3,4,16,,22722.83,0.760911,0.958737,69
A_original,A4_tiered,0.5,1.0,1,4,16,,25552.83,0.573516,0.972545,52
A_original,A4_tiered,0.5,1.0,2,4,16,,22620.67,0.744068,0.940691,62
A_original,A4_tiered,0.5,1.0,3,4,16,,22652.33,0.746452,0.939228,62
A_original,A5_k0.01,0.1,1.0,1,4,16,,29224.0,0.671055,0.0,68
A_original,A5_k0.01,0.1,1.0,2,4,16,,23187.83,0.781437,0.0,86
A_original,A5_k0.01,0.1,1.0,3,4,16,,23212.83,0.784182,0.0,70
A_original,A5_k0.01,0.3,1.0,1,4,16,,27748.17,0.631597,0.0,63
A_original,A5_k0.01,0.3,1.0,2,4,16,,23043.17,0.769953,0.0,79
A_original,A5_k0.01,0.3,1.0,3,4,16,,22912.5,0.767262,0.0,75
A_original,A5_k0.01,0.5,1.0,1,4,16,,26208.17,0.588225,0.0,59
A_original,A5_k0.01,0.5,1.0,2,4,16,,22703.5,0.746793,0.0,72
A_original,A5_k0.01,0.5,1.0,3,4,16,,22771.5,0.750379,0.0,66
A_original,A5_k0.15,0.1,1.0,1,4,16,,27382.83,0.628777,0.932767,57
A_original,A5_k0.15,0.1,1.0,2,4,16,,22630.5,0.762654,0.94084,73
A_original,A5_k0.15,0.1,1.0,3,4,16,,22625.67,0.764346,0.956096,60
A_original,A5_k0.15,0.3,1.0,1,4,16,,25831.33,0.587967,0.932786,52
A_original,A5_k0.15,0.3,1.0,2,4,16,,22582.0,0.754544,0.942522,65
A_original,A5_k0.15,0.3,1.0,3,4,16,,22497.0,0.753349,0.955321,61
A_original,A5_k0.15,0.5,1.0,1,4,16,,24592.5,0.551962,0.960203,38
A_original,A5_k0.15,0.5,1.0,2,4,16,,22475.33,0.739288,0.957835,52
A_original,A5_k0.15,0.5,1.0,3,4,16,,22503.0,0.741531,0.964793,45
A_original,A5_k0.30,0.1,1.0,1,4,16,,26961.67,0.619106,0.934799,57
A_original,A5_k0.30,0.1,1.0,2,4,16,,22574.67,0.760773,0.940509,68
A_original,A5_k0.30,0.1,1.0,3,4,16,,22564.5,0.76228,0.94618,58
A_original,A5_k0.30,0.3,1.0,1,4,16,,24585.5,0.559609,0.94236,36
A_original,A5_k0.30,0.3,1.0,2,4,16,,22394.83,0.74829,0.948793,48
A_original,A5_k0.30,0.3,1.0,3,4,16,,22315.0,0.747254,0.951022,46
A_original,A5_k0.30,0.5,1.0,1,4,16,,23089.5,0.518229,0.962849,20
A_original,A5_k0.30,0.5,1.0,2,4,16,,22393.83,0.736607,0.95663,41
A_original,A5_k0.30,0.5,1.0,3,4,16,,22391.0,0.737841,0.95013,25
A_original,full,0.1,1.0,1,4,16,,28433.67,0.652907,0.933015,64
A_original,full,0.1,1.0,2,4,16,,22945.17,0.773259,0.920509,81
A_original,full,0.1,1.0,3,4,16,,22941.5,0.775016,0.972805,66
A_original,full,0.3,1.0,1,4,16,,27051.33,0.615736,0.918373,59
A_original,full,0.3,1.0,2,4,16,,22834.83,0.762992,0.945214,74
A_original,full,0.3,1.0,3,4,16,,22722.83,0.760911,0.958737,69
A_original,full,0.5,1.0,1,4,16,,25561.83,0.573718,0.977549,52
A_original,full,0.5,1.0,2,4,16,,22622.17,0.744118,0.955957,63
A_original,full,0.5,1.0,3,4,16,,22653.17,0.74648,0.944989,59
B_contended,A1_no_budget,0.1,1.3,1,4,64,20.0,49414.17,0.880258,0.896218,0
B_contended,A1_no_budget,0.1,1.3,2,4,64,20.0,38492.67,0.997409,0.874929,0
B_contended,A1_no_budget,0.1,1.3,3,4,64,20.0,38307.33,0.998384,0.88687,0
B_contended,A1_no_budget,0.3,1.3,1,4,64,20.0,49482.83,0.873782,0.903442,0
B_contended,A1_no_budget,0.3,1.3,2,4,64,20.0,38557.33,0.991038,0.869366,0
B_contended,A1_no_budget,0.3,1.3,3,4,64,20.0,38331.17,0.990469,0.937938,0
B_contended,A1_no_budget,0.5,1.3,1,4,64,20.0,47456.83,0.826256,0.942772,0
B_contended,A1_no_budget,0.5,1.3,2,4,64,20.0,34785.83,0.880253,0.912441,0
B_contended,A1_no_budget,0.5,1.3,3,4,64,20.0,35576.0,0.904413,0.945271,0
B_contended,A2_preemptible,0.1,1.3,1,4,64,20.0,49337.17,0.878886,0.894775,136
B_contended,A2_preemptible,0.1,1.3,2,4,64,20.0,38411.33,0.995301,0.875218,127
B_contended,A2_preemptible,0.1,1.3,3,4,64,20.0,38231.33,0.996403,0.88997,122
B_contended,A2_preemptible,0.3,1.3,1,4,64,20.0,49409.17,0.872481,0.907154,125
B_contended,A2_preemptible,0.3,1.3,2,4,64,20.0,38487.33,0.989239,0.87266,116
B_contended,A2_preemptible,0.3,1.3,3,4,64,20.0,38257.33,0.988562,0.926758,115
B_contended,A2_preemptible,0.5,1.3,1,4,64,20.0,47383.5,0.824979,0.94602,109
B_contended,A2_preemptible,0.5,1.3,2,4,64,20.0,34728.33,0.878798,0.924239,125
B_contended,A2_preemptible,0.5,1.3,3,4,64,20.0,36092.83,0.917552,0.937842,120
B_contended,A3_queue_depth,0.1,1.3,1,4,64,20.0,50093.17,0.892354,0.894724,144
B_contended,A3_queue_depth,0.1,1.3,2,4,64,20.0,38411.33,0.995301,0.875218,127
B_contended,A3_queue_depth,0.1,1.3,3,4,64,20.0,38231.33,0.996403,0.88997,122
B_contended,A3_queue_depth,0.3,1.3,1,4,64,20.0,49897.67,0.881107,0.906857,128
B_contended,A3_queue_depth,0.3,1.3,2,4,64,20.0,38487.33,0.989239,0.87266,116
B_contended,A3_queue_depth,0.3,1.3,3,4,64,20.0,38255.33,0.98851,0.926714,115
B_contended,A3_queue_depth,0.5,1.3,1,4,64,20.0,49711.0,0.865502,0.918542,128
B_contended,A3_queue_depth,0.5,1.3,2,4,64,20.0,38637.33,0.977715,0.891295,126
B_contended,A3_queue_depth,0.5,1.3,3,4,64,20.0,38474.67,0.978103,0.906123,122
B_contended,A4_strict,0.1,1.3,1,4,64,20.0,49341.0,0.878955,0.90139,134
B_contended,A4_strict,0.1,1.3,2,4,64,20.0,38408.0,0.995215,0.89204,127
B_contended,A4_strict,0.1,1.3,3,4,64,20.0,38236.0,0.996525,0.905182,122
B_contended,A4_strict,0.3,1.3,1,4,64,20.0,48955.5,0.86447,0.913464,119
B_contended,A4_strict,0.3,1.3,2,4,64,20.0,38402.5,0.987059,0.910238,116
B_contended,A4_strict,0.3,1.3,3,4,64,20.0,38030.33,0.982696,0.935932,115
B_contended,A4_strict,0.5,1.3,1,4,64,20.0,47383.5,0.824979,0.94602,109
B_contended,A4_strict,0.5,1.3,2,4,64,20.0,34728.33,0.878798,0.924239,125
B_contended,A4_strict,0.5,1.3,3,4,64,20.0,36092.83,0.917552,0.937842,120
B_contended,A4_tiered,0.1,1.3,1,4,64,20.0,49337.17,0.878886,0.894775,136
B_contended,A4_tiered,0.1,1.3,2,4,64,20.0,38411.33,0.995301,0.875218,127
B_contended,A4_tiered,0.1,1.3,3,4,64,20.0,38231.33,0.996403,0.88997,122
B_contended,A4_tiered,0.3,1.3,1,4,64,20.0,49409.17,0.872481,0.907154,125
B_contended,A4_tiered,0.3,1.3,2,4,64,20.0,38487.33,0.989239,0.87266,116
B_contended,A4_tiered,0.3,1.3,3,4,64,20.0,38257.33,0.988562,0.926758,115
B_contended,A4_tiered,0.5,1.3,1,4,64,20.0,49322.0,0.85873,0.907632,118
B_contended,A4_tiered,0.5,1.3,2,4,64,20.0,38420.67,0.972232,0.901154,125
B_contended,A4_tiered,0.5,1.3,3,4,64,20.0,38340.5,0.974692,0.901216,121
B_contended,A5_k0.01,0.1,1.3,1,4,64,20.0,49343.33,0.878996,0.858501,136
B_contended,A5_k0.01,0.1,1.3,2,4,64,20.0,38414.67,0.995388,0.863081,127
B_contended,A5_k0.01,0.1,1.3,3,4,64,20.0,38230.0,0.996369,0.812545,122
B_contended,A5_k0.01,0.3,1.3,1,4,64,20.0,49406.83,0.87244,0.835237,121
B_contended,A5_k0.01,0.3,1.3,2,4,64,20.0,38488.0,0.989256,0.917664,115
B_contended,A5_k0.01,0.3,1.3,3,4,64,20.0,38258.0,0.988579,0.918946,115
B_contended,A5_k0.01,0.5,1.3,1,4,64,20.0,49168.17,0.856051,0.971275,118
B_contended,A5_k0.01,0.5,1.3,2,4,64,20.0,37935.0,0.959942,0.91586,125
B_contended,A5_k0.01,0.5,1.3,3,4,64,20.0,37783.17,0.960524,0.880332,121
B_contended,A5_k0.15,0.1,1.3,1,4,64,20.0,49341.5,0.878964,0.903156,137
B_contended,A5_k0.15,0.1,1.3,2,4,64,20.0,38414.67,0.995388,0.897896,127
B_contended,A5_k0.15,0.1,1.3,3,4,64,20.0,38234.0,0.996473,0.900722,122
B_contended,A5_k0.15,0.3,1.3,1,4,64,20.0,49399.33,0.872307,0.922094,123
B_contended,A5_k0.15,0.3,1.3,2,4,64,20.0,38485.67,0.989196,0.901756,116
B_contended,A5_k0.15,0.3,1.3,3,4,64,20.0,38244.17,0.988221,0.930121,115
B_contended,A5_k0.15,0.5,1.3,1,4,64,20.0,20984.0,0.365346,0.953395,36
B_contended,A5_k0.15,0.5,1.3,2,4,64,20.0,29566.5,0.748178,0.946951,103
B_contended,A5_k0.15,0.5,1.3,3,4,64,20.0,29453.17,0.748759,0.953964,105
B_contended,A5_k0.30,0.1,1.3,1,4,64,20.0,49341.5,0.878964,0.903156,137
B_contended,A5_k0.30,0.1,1.3,2,4,64,20.0,38415.33,0.995405,0.897522,127
B_contended,A5_k0.30,0.1,1.3,3,4,64,20.0,38233.33,0.996456,0.901483,121
B_contended,A5_k0.30,0.3,1.3,1,4,64,20.0,49407.0,0.872442,0.921643,125
B_contended,A5_k0.30,0.3,1.3,2,4,64,20.0,38478.17,0.989003,0.900876,116
B_contended,A5_k0.30,0.3,1.3,3,4,64,20.0,38202.0,0.987132,0.93245,115
B_contended,A5_k0.30,0.5,1.3,1,4,64,20.0,21005.0,0.365711,0.953551,36
B_contended,A5_k0.30,0.5,1.3,2,4,64,20.0,29575.0,0.748393,0.951255,106
B_contended,A5_k0.30,0.5,1.3,3,4,64,20.0,29437.67,0.748365,0.952222,90
B_contended,full,0.1,1.3,1,4,64,20.0,49337.17,0.878886,0.894775,136
B_contended,full,0.1,1.3,2,4,64,20.0,38411.33,0.995301,0.875218,127
B_contended,full,0.1,1.3,3,4,64,20.0,38231.33,0.996403,0.88997,122
B_contended,full,0.3,1.3,1,4,64,20.0,49409.17,0.872481,0.907154,125
B_contended,full,0.3,1.3,2,4,64,20.0,38487.33,0.989239,0.87266,116
B_contended,full,0.3,1.3,3,4,64,20.0,38257.33,0.988562,0.926758,115
B_contended,full,0.5,1.3,1,4,64,20.0,47383.5,0.824979,0.94602,109
B_contended,full,0.5,1.3,2,4,64,20.0,34728.33,0.878798,0.924239,125
B_contended,full,0.5,1.3,3,4,64,20.0,36092.83,0.917552,0.937842,120
